player,team,league,player_id,sim_1_name,sim_1_team,sim_1_score,sim_2_name,sim_2_team,sim_2_score,sim_3_name,sim_3_team,sim_3_score,sim_4_name,sim_4_team,sim_4_score,sim_5_name,sim_5_team,sim_5_score,sim_6_name,sim_6_team,sim_6_score,sim_7_name,sim_7_team,sim_7_score,sim_8_name,sim_8_team,sim_8_score,sim_9_name,sim_9_team,sim_9_score,sim_10_name,sim_10_team,sim_10_score
Alisson,Liverpool,EPL,1257,Joan García,Barcelona,0.9788,Thibaut Courtois,Real Madrid,0.9636,Yann Sommer,Inter,0.9593,Emiliano Martinez,Aston Villa,0.9588,Marco Carnesecchi,Atalanta,0.9373,Mile Svilar,Roma,0.9371,Guglielmo Vicario,Tottenham,0.9322,David Raya,Arsenal,0.9241,Mike Maignan,AC Milan,0.924,Jan Oblak,Atletico Madrid,0.9228
Djordje Petrovic,Bournemouth,EPL,12032,Emil Audero,Cremonese,0.9878,Odisseas Vlachodimos,Sevilla,0.9808,Sergio Herrera,Osasuna,0.9764,David Soria,Getafe,0.9711,Wladimiro Falcone,Lecce,0.9627,Lukasz Skorupski,Bologna,0.9567,Alphonse Areola,West Ham,0.9518,Yehvann Diouf,Nice,0.9497,Pau López,Real Betis,0.9443,Sam Johnstone,Wolverhampton Wanderers,0.9277
Marco Bizot,Aston Villa,EPL,9614,Lucas Perri,Leeds,0.9668,Juan Musso,Atletico Madrid,0.9631,Kouakou Herve Koffi,Angers,0.9342,Giorgi Mamardashvili,Liverpool,0.9221,Berke Özer,Lille,0.8836,Franco Israel,Torino,0.8693,Justin Bijlow,Genoa,0.8576,Luiz Júnior,Villarreal,0.8265,Oliver Baumann,Hoffenheim,0.8263,Augusto Batalla,Rayo Vallecano,0.8252
Nick Pope,Newcastle United,EPL,5552,Mat Ryan,Levante,0.9402,Anthony Lopes,Nantes,0.9209,Daniel Heuer Fernandes,Hamburger SV,0.8295,Finn Dahmen,Augsburg,0.75,Kamil Grabara,Wolfsburg,0.5966,Gerónimo Rulli,Marseille,0.3943,Wladimiro Falcone,Lecce,0.0156,Alphonse Areola,West Ham,-0.0025,Sam Johnstone,Wolverhampton Wanderers,-0.0046,Nícolas,Pisa,-0.0165
Bart Verbruggen,Brighton,EPL,11711,Brice Samba,Rennes,0.9296,Oliver Baumann,Hoffenheim,0.9243,Robin Risser,Lens,0.9128,Dominik Greif,Lyon,0.9022,Joan García,Barcelona,0.862,Caoimhin Kelleher,Brentford,0.8498,David Raya,Arsenal,0.8483,Ionut Radu,Celta Vigo,0.8406,Alisson,Liverpool,0.8155,Augusto Batalla,Rayo Vallecano,0.8093
Bernd Leno,Fulham,EPL,181,Wojciech Szczesny,Barcelona,0.9576,Péter Gulácsi,RasenBallsport Leipzig,0.8872,Luiz Júnior,Villarreal,0.8747,Kevin Trapp,Paris FC,0.8691,Joan García,Barcelona,0.8677,Marko Dmitrovic,Espanyol,0.8613,Alisson,Liverpool,0.8571,Stole Dimitrievski,Valencia,0.848,Marco Carnesecchi,Atalanta,0.8383,Mile Svilar,Roma,0.8357
Robin Roefs,Sunderland,EPL,13712,Aarón,Real Oviedo,0.9835,Robert Sánchez,Chelsea,0.9777,Altay Bayindir,Manchester United,0.9631,Alex Meret,Napoli,0.951,Marvin Schwäbe,FC Cologne,0.9506,Jean Butez,Como,0.9399,Iñaki Peña,Elche,0.9207,Noah Atubolu,Freiburg,0.8682,Vanja Milinkovic-Savic,Napoli,0.859,Moritz Nicolas,Borussia M.Gladbach,0.7746
Mads Hermansen,West Ham,EPL,12910,Arijanet Muric,Sassuolo,0.8467,Stole Dimitrievski,Valencia,0.8295,Michael Zetterer,Eintracht Frankfurt,0.7929,Antonio Sivera,Alaves,0.7921,Leo Román,Mallorca,0.7911,Martin Dubravka,Burnley,0.7396,Paulo Gazzaniga,Girona,0.7381,Mike Penders,Strasbourg,0.7346,Álvaro Vallés,Real Betis,0.6747,Guillaume Restes,Toulouse,0.6541
Guglielmo Vicario,Tottenham,EPL,8858,Emiliano Martinez,Aston Villa,0.9743,Unai Simón,Athletic Club,0.9601,Mike Maignan,AC Milan,0.9566,Yann Sommer,Inter,0.9534,Mile Svilar,Roma,0.9534,Dean Henderson,Crystal Palace,0.9479,Thibaut Courtois,Real Madrid,0.934,Alisson,Liverpool,0.9322,Marko Dmitrovic,Espanyol,0.9278,Jan Oblak,Atletico Madrid,0.921
Martin Dubravka,Burnley,EPL,6532,Álvaro Vallés,Real Betis,0.9859,Antonio Sivera,Alaves,0.9799,Paulo Gazzaniga,Girona,0.9712,Andriy Lunin,Real Madrid,0.9628,Marko Dmitrovic,Espanyol,0.9036,Matz Sels,Nottingham Forest,0.8786,Sergio Herrera,Osasuna,0.8753,Michele Di Gregorio,Juventus,0.8708,Dean Henderson,Crystal Palace,0.8645,Yehvann Diouf,Nice,0.8623
José Sá,Wolverhampton Wanderers,EPL,9740,Maxime Dupé,Nice,0.9524,Alphonse Areola,West Ham,0.9456,Sam Johnstone,Wolverhampton Wanderers,0.9408,Julen Agirrezabala,Valencia,0.8899,Razvan Sava,Udinese,0.8896,Federico Ravaglia,Bologna,0.8845,Adrian Semper,Pisa,0.8814,Emil Audero,Cremonese,0.8706,Pau López,Real Betis,0.8652,Nícolas,Pisa,0.8497
Robert Sánchez,Chelsea,EPL,9098,Robin Roefs,Sunderland,0.9777,Iñaki Peña,Elche,0.9667,Aarón,Real Oviedo,0.9498,Marvin Schwäbe,FC Cologne,0.9496,Jean Butez,Como,0.9474,Noah Atubolu,Freiburg,0.938,Altay Bayindir,Manchester United,0.9134,Moritz Nicolas,Borussia M.Gladbach,0.8806,Alex Meret,Napoli,0.8756,Vanja Milinkovic-Savic,Napoli,0.8404
Dean Henderson,Crystal Palace,EPL,7702,Unai Simón,Athletic Club,0.9698,Mike Maignan,AC Milan,0.9672,Guglielmo Vicario,Tottenham,0.9479,Andriy Lunin,Real Madrid,0.9454,Emiliano Martinez,Aston Villa,0.9402,Michele Di Gregorio,Juventus,0.9393,Marko Dmitrovic,Espanyol,0.9381,Mile Svilar,Roma,0.9368,Yann Sommer,Inter,0.9316,Jan Oblak,Atletico Madrid,0.927
Matz Sels,Nottingham Forest,EPL,6903,Michele Di Gregorio,Juventus,0.9787,Andriy Lunin,Real Madrid,0.9626,David Soria,Getafe,0.9562,Wladimiro Falcone,Lecce,0.9507,Sergio Herrera,Osasuna,0.9454,Senne Lammens,Manchester United,0.9266,Odisseas Vlachodimos,Sevilla,0.9201,Álvaro Vallés,Real Betis,0.9172,Djordje Petrovic,Bournemouth,0.9088,Dean Henderson,Crystal Palace,0.8903
Caoimhin Kelleher,Brentford,EPL,7904,Augusto Batalla,Rayo Vallecano,0.984,Dominik Greif,Lyon,0.9739,Brice Samba,Rennes,0.9346,Kouakou Herve Koffi,Angers,0.9033,Oliver Baumann,Hoffenheim,0.9027,Giorgi Mamardashvili,Liverpool,0.8827,Berke Özer,Lille,0.8754,Matías Dituro,Elche,0.8713,Juan Musso,Atletico Madrid,0.8702,Bart Verbruggen,Brighton,0.8498
Altay Bayindir,Manchester United,EPL,12054,Robin Roefs,Sunderland,0.9631,Alex Meret,Napoli,0.9523,Aarón,Real Oviedo,0.9423,Robert Sánchez,Chelsea,0.9134,Iñaki Peña,Elche,0.8821,Marvin Schwäbe,FC Cologne,0.8782,Jean Butez,Como,0.87,Noah Atubolu,Freiburg,0.7693,Vanja Milinkovic-Savic,Napoli,0.7399,Moritz Nicolas,Borussia M.Gladbach,0.6546
David Raya,Arsenal,EPL,9676,Emiliano Martinez,Aston Villa,0.9473,Alisson,Liverpool,0.9241,Yann Sommer,Inter,0.9121,Guglielmo Vicario,Tottenham,0.8986,Joan García,Barcelona,0.8925,Mike Maignan,AC Milan,0.8771,Thibaut Courtois,Real Madrid,0.8517,Bart Verbruggen,Brighton,0.8483,Jordan Pickford,Everton,0.8478,Ivan Provedel,Lazio,0.8471
Lucas Perri,Leeds,EPL,12369,Marco Bizot,Aston Villa,0.9668,Kouakou Herve Koffi,Angers,0.9555,Giorgi Mamardashvili,Liverpool,0.9466,Juan Musso,Atletico Madrid,0.9433,Justin Bijlow,Genoa,0.9188,Franco Israel,Torino,0.9174,Berke Özer,Lille,0.8954,Augusto Batalla,Rayo Vallecano,0.8929,Obed Nkambadio,Paris FC,0.8707,Caoimhin Kelleher,Brentford,0.8435
Jordan Pickford,Everton,EPL,741,Ivan Provedel,Lazio,0.9462,Matvey Safonov,Paris Saint Germain,0.9188,Mark Flekken,Bayer Leverkusen,0.8892,David Raya,Arsenal,0.8478,Alexander Nübel,VfB Stuttgart,0.8442,Emiliano Martinez,Aston Villa,0.8305,Mike Maignan,AC Milan,0.8076,Guglielmo Vicario,Tottenham,0.7944,Guillaume Restes,Toulouse,0.7896,Yann Sommer,Inter,0.757
Emiliano Martinez,Aston Villa,EPL,4401,Yann Sommer,Inter,0.9777,Guglielmo Vicario,Tottenham,0.9743,Mike Maignan,AC Milan,0.9653,Alisson,Liverpool,0.9588,David Raya,Arsenal,0.9473,Dean Henderson,Crystal Palace,0.9402,Mile Svilar,Roma,0.9365,Unai Simón,Athletic Club,0.9328,Thibaut Courtois,Real Madrid,0.93,Jan Oblak,Atletico Madrid,0.9175
Sam Johnstone,Wolverhampton Wanderers,EPL,978,Alphonse Areola,West Ham,0.9598,Emil Audero,Cremonese,0.9519,Federico Ravaglia,Bologna,0.9499,José Sá,Wolverhampton Wanderers,0.9408,Lukasz Skorupski,Bologna,0.9384,Razvan Sava,Udinese,0.9337,Djordje Petrovic,Bournemouth,0.9277,Adrian Semper,Pisa,0.9158,Pau López,Real Betis,0.9053,Julen Agirrezabala,Valencia,0.9011
Karl Darlow,Leeds,EPL,780,Federico Ravaglia,Bologna,0.9365,Simone Scuffet,Pisa,0.9309,Razvan Sava,Udinese,0.9272,Radoslaw Majecki,Brest,0.9256,Adrian Semper,Pisa,0.9218,Mio Backhaus,Werder Bremen,0.903,Nícolas,Pisa,0.8981,Maduka Okoye,Udinese,0.8886,Alberto Paleari,Torino,0.8848,Sam Johnstone,Wolverhampton Wanderers,0.8465
Gianluigi Donnarumma,Manchester City,EPL,1116,Marco Carnesecchi,Atalanta,0.9754,Lucas Chevalier,Paris Saint Germain,0.9476,Unai Simón,Athletic Club,0.942,Thibaut Courtois,Real Madrid,0.9402,Gregor Kobel,Borussia Dortmund,0.9338,Mile Svilar,Roma,0.9165,Jan Oblak,Atletico Madrid,0.8912,Joan García,Barcelona,0.8707,Guglielmo Vicario,Tottenham,0.8699,Alisson,Liverpool,0.8692
Alphonse Areola,West Ham,EPL,2310,Julen Agirrezabala,Valencia,0.9736,Pau López,Real Betis,0.9713,Emil Audero,Cremonese,0.9672,Sam Johnstone,Wolverhampton Wanderers,0.9598,Djordje Petrovic,Bournemouth,0.9518,José Sá,Wolverhampton Wanderers,0.9456,Arnau Tenas,Villarreal,0.9369,Yehvann Diouf,Nice,0.9304,Odisseas Vlachodimos,Sevilla,0.9196,Wladimiro Falcone,Lecce,0.9088
Senne Lammens,Manchester United,EPL,14056,Sergio Herrera,Osasuna,0.9627,David Soria,Getafe,0.9539,Odisseas Vlachodimos,Sevilla,0.9355,Matz Sels,Nottingham Forest,0.9266,Djordje Petrovic,Bournemouth,0.9162,Wladimiro Falcone,Lecce,0.903,Frederik Rönnow,Union Berlin,0.8979,Andriy Lunin,Real Madrid,0.8912,Michele Di Gregorio,Juventus,0.8751,Lukasz Skorupski,Bologna,0.8708
Giorgi Mamardashvili,Liverpool,EPL,9693,Juan Musso,Atletico Madrid,0.9784,Kouakou Herve Koffi,Angers,0.949,Lucas Perri,Leeds,0.9466,Berke Özer,Lille,0.9252,Oliver Baumann,Hoffenheim,0.9237,Marco Bizot,Aston Villa,0.9221,Augusto Batalla,Rayo Vallecano,0.9084,Franco Israel,Torino,0.8842,Caoimhin Kelleher,Brentford,0.8827,Brice Samba,Rennes,0.8682
Paulo Gazzaniga,Girona,La_Liga,973,Martin Dubravka,Burnley,0.9712,Antonio Sivera,Alaves,0.9562,Andriy Lunin,Real Madrid,0.9416,Álvaro Vallés,Real Betis,0.9359,Guillaume Restes,Toulouse,0.8818,Marko Dmitrovic,Espanyol,0.8772,Dean Henderson,Crystal Palace,0.8709,Matz Sels,Nottingham Forest,0.8342,Mike Maignan,AC Milan,0.8256,Michele Di Gregorio,Juventus,0.8248
Augusto Batalla,Rayo Vallecano,La_Liga,12298,Caoimhin Kelleher,Brentford,0.984,Dominik Greif,Lyon,0.9482,Kouakou Herve Koffi,Angers,0.9358,Brice Samba,Rennes,0.9209,Giorgi Mamardashvili,Liverpool,0.9084,Oliver Baumann,Hoffenheim,0.9045,Justin Bijlow,Genoa,0.9017,Lucas Perri,Leeds,0.8929,Juan Musso,Atletico Madrid,0.8849,Franco Israel,Torino,0.8773
Luiz Júnior,Villarreal,La_Liga,12917,Stole Dimitrievski,Valencia,0.8921,Bernd Leno,Fulham,0.8747,Nikola Vasilj,St. Pauli,0.8743,Lukas Hradecky,Monaco,0.8706,Kevin Trapp,Paris FC,0.8467,Wojciech Szczesny,Barcelona,0.8423,Marco Bizot,Aston Villa,0.8265,Leo Román,Mallorca,0.7917,Péter Gulácsi,RasenBallsport Leipzig,0.7862,Juan Musso,Atletico Madrid,0.7457
Aarón,Real Oviedo,La_Liga,2346,Robin Roefs,Sunderland,0.9835,Robert Sánchez,Chelsea,0.9498,Altay Bayindir,Manchester United,0.9423,Alex Meret,Napoli,0.9414,Marvin Schwäbe,FC Cologne,0.9357,Jean Butez,Como,0.9169,Iñaki Peña,Elche,0.8858,Noah Atubolu,Freiburg,0.8547,Vanja Milinkovic-Savic,Napoli,0.8238,Moritz Nicolas,Borussia M.Gladbach,0.7559
Leo Román,Mallorca,La_Liga,9839,Stole Dimitrievski,Valencia,0.8576,Antonio Sivera,Alaves,0.8496,Kevin Trapp,Paris FC,0.8323,Luiz Júnior,Villarreal,0.7917,Mads Hermansen,West Ham,0.7911,Martin Dubravka,Burnley,0.7673,Paulo Gazzaniga,Girona,0.7503,Bernd Leno,Fulham,0.7335,Álvaro Vallés,Real Betis,0.7235,Mike Penders,Strasbourg,0.6984
Joan García,Barcelona,La_Liga,9773,Alisson,Liverpool,0.9788,Thibaut Courtois,Real Madrid,0.9443,Marco Carnesecchi,Atalanta,0.937,Wojciech Szczesny,Barcelona,0.9325,Yann Sommer,Inter,0.9227,Péter Gulácsi,RasenBallsport Leipzig,0.9156,Mile Svilar,Roma,0.9054,Emiliano Martinez,Aston Villa,0.9043,Guglielmo Vicario,Tottenham,0.9026,David Raya,Arsenal,0.8925
Antonio Sivera,Alaves,La_Liga,6075,Martin Dubravka,Burnley,0.9799,Paulo Gazzaniga,Girona,0.9562,Álvaro Vallés,Real Betis,0.9556,Andriy Lunin,Real Madrid,0.9236,Leo Román,Mallorca,0.8496,Yehvann Diouf,Nice,0.8443,Marko Dmitrovic,Espanyol,0.8412,Sergio Herrera,Osasuna,0.8288,Odisseas Vlachodimos,Sevilla,0.8287,Guillaume Restes,Toulouse,0.8256
Julen Agirrezabala,Valencia,La_Liga,9824,Pau López,Real Betis,0.9922,Alphonse Areola,West Ham,0.9736,Arnau Tenas,Villarreal,0.9636,Yehvann Diouf,Nice,0.9627,Odisseas Vlachodimos,Sevilla,0.926,Djordje Petrovic,Bournemouth,0.9228,Emil Audero,Cremonese,0.9211,Sergio Herrera,Osasuna,0.9046,Sam Johnstone,Wolverhampton Wanderers,0.9011,José Sá,Wolverhampton Wanderers,0.8899
Remiro,Real Sociedad,La_Liga,2555,Edoardo Corvi,Parma Calcio 1913,0.9982,Lorenzo Montipò,Verona,0.9946,Zion Suzuki,Parma Calcio 1913,0.9915,Pape Sy,Metz,0.905,Daniel Batz,Mainz 05,0.806,Edoardo Motta,Lazio,0.7908,Jonathan Fischer,Metz,0.7718,Kauã Santos,Eintracht Frankfurt,0.6703,Simone Scuffet,Pisa,0.6405,Alberto Paleari,Torino,0.6367
Ionut Radu,Celta Vigo,La_Liga,1830,Bart Verbruggen,Brighton,0.8406,Oliver Baumann,Hoffenheim,0.813,David Raya,Arsenal,0.7793,Brice Samba,Rennes,0.7682,Robin Risser,Lens,0.7473,Caoimhin Kelleher,Brentford,0.7379,Jonas Urbig,Bayern Munich,0.7324,Dominik Greif,Lyon,0.7303,Joan García,Barcelona,0.7264,Alexander Nübel,VfB Stuttgart,0.7098
David Soria,Getafe,La_Liga,2415,Wladimiro Falcone,Lecce,0.9749,Djordje Petrovic,Bournemouth,0.9711,Sergio Herrera,Osasuna,0.9677,Matz Sels,Nottingham Forest,0.9562,Odisseas Vlachodimos,Sevilla,0.9556,Senne Lammens,Manchester United,0.9539,Emil Audero,Cremonese,0.9419,Pau López,Real Betis,0.9125,Lukasz Skorupski,Bologna,0.9112,Alphonse Areola,West Ham,0.9016
Unai Simón,Athletic Club,La_Liga,5185,Mile Svilar,Roma,0.9718,Dean Henderson,Crystal Palace,0.9698,Jan Oblak,Atletico Madrid,0.9622,Guglielmo Vicario,Tottenham,0.9601,Thibaut Courtois,Real Madrid,0.9571,Marco Carnesecchi,Atalanta,0.9496,Mike Maignan,AC Milan,0.9461,Gianluigi Donnarumma,Manchester City,0.942,Lucas Chevalier,Paris Saint Germain,0.9365,Emiliano Martinez,Aston Villa,0.9328
Marko Dmitrovic,Espanyol,La_Liga,6224,Mike Maignan,AC Milan,0.9445,Dean Henderson,Crystal Palace,0.9381,Guglielmo Vicario,Tottenham,0.9278,Mile Svilar,Roma,0.9225,Jan Oblak,Atletico Madrid,0.9218,Álvaro Vallés,Real Betis,0.9185,Andriy Lunin,Real Madrid,0.9153,Yann Sommer,Inter,0.9087,Unai Simón,Athletic Club,0.9082,Martin Dubravka,Burnley,0.9036
Jan Oblak,Atletico Madrid,La_Liga,2261,Thibaut Courtois,Real Madrid,0.9742,Unai Simón,Athletic Club,0.9622,Mile Svilar,Roma,0.9474,Mike Maignan,AC Milan,0.9446,Marco Carnesecchi,Atalanta,0.9317,Dean Henderson,Crystal Palace,0.927,Alisson,Liverpool,0.9228,Marko Dmitrovic,Espanyol,0.9218,Guglielmo Vicario,Tottenham,0.921,Emiliano Martinez,Aston Villa,0.9175
Matías Dituro,Elche,La_Liga,9793,Mory Diaw,Le Havre,0.9224,Jeffrey de Lange,Marseille,0.9079,Mattia Perin,Juventus,0.8768,Caoimhin Kelleher,Brentford,0.8713,Moritz Nicolas,Borussia M.Gladbach,0.8448,Augusto Batalla,Rayo Vallecano,0.8412,Diant Ramaj,FC Heidenheim,0.825,Obed Nkambadio,Paris FC,0.8112,Dominik Greif,Lyon,0.809,Noah Atubolu,Freiburg,0.8014
Pau López,Real Betis,La_Liga,2107,Julen Agirrezabala,Valencia,0.9922,Alphonse Areola,West Ham,0.9713,Yehvann Diouf,Nice,0.9706,Odisseas Vlachodimos,Sevilla,0.9536,Arnau Tenas,Villarreal,0.949,Djordje Petrovic,Bournemouth,0.9443,Emil Audero,Cremonese,0.9428,Sergio Herrera,Osasuna,0.9293,David Soria,Getafe,0.9125,Sam Johnstone,Wolverhampton Wanderers,0.9053
Thibaut Courtois,Real Madrid,La_Liga,680,Marco Carnesecchi,Atalanta,0.9764,Jan Oblak,Atletico Madrid,0.9742,Mile Svilar,Roma,0.9667,Alisson,Liverpool,0.9636,Unai Simón,Athletic Club,0.9571,Joan García,Barcelona,0.9443,Gianluigi Donnarumma,Manchester City,0.9402,Guglielmo Vicario,Tottenham,0.934,Emiliano Martinez,Aston Villa,0.93,Mike Maignan,AC Milan,0.9216
Sergio Herrera,Osasuna,La_Liga,7859,Odisseas Vlachodimos,Sevilla,0.9901,Djordje Petrovic,Bournemouth,0.9764,David Soria,Getafe,0.9677,Senne Lammens,Manchester United,0.9627,Yehvann Diouf,Nice,0.9622,Wladimiro Falcone,Lecce,0.9511,Matz Sels,Nottingham Forest,0.9454,Emil Audero,Cremonese,0.9383,Pau López,Real Betis,0.9293,Lukasz Skorupski,Bologna,0.9102
Álvaro Vallés,Real Betis,La_Liga,11740,Martin Dubravka,Burnley,0.9859,Andriy Lunin,Real Madrid,0.9761,Antonio Sivera,Alaves,0.9556,Paulo Gazzaniga,Girona,0.9359,Michele Di Gregorio,Juventus,0.9238,Marko Dmitrovic,Espanyol,0.9185,Matz Sels,Nottingham Forest,0.9172,Dean Henderson,Crystal Palace,0.8952,Sergio Herrera,Osasuna,0.8789,Mike Maignan,AC Milan,0.8695
Mat Ryan,Levante,La_Liga,2385,Nick Pope,Newcastle United,0.9402,Daniel Heuer Fernandes,Hamburger SV,0.808,Kamil Grabara,Wolfsburg,0.7543,Anthony Lopes,Nantes,0.7464,Finn Dahmen,Augsburg,0.5326,Gerónimo Rulli,Marseille,0.1841,Wladimiro Falcone,Lecce,-0.0197,Jan Oblak,Atletico Madrid,-0.0293,Mike Maignan,AC Milan,-0.0304,Thibaut Courtois,Real Madrid,-0.0404
Odisseas Vlachodimos,Sevilla,La_Liga,375,Sergio Herrera,Osasuna,0.9901,Djordje Petrovic,Bournemouth,0.9808,Yehvann Diouf,Nice,0.9777,Emil Audero,Cremonese,0.9603,David Soria,Getafe,0.9556,Pau López,Real Betis,0.9536,Senne Lammens,Manchester United,0.9355,Lukasz Skorupski,Bologna,0.9333,Wladimiro Falcone,Lecce,0.9268,Julen Agirrezabala,Valencia,0.926
Iñaki Peña,Elche,La_Liga,7287,Robert Sánchez,Chelsea,0.9667,Noah Atubolu,Freiburg,0.9555,Jean Butez,Como,0.933,Robin Roefs,Sunderland,0.9207,Moritz Nicolas,Borussia M.Gladbach,0.9168,Marvin Schwäbe,FC Cologne,0.9011,Aarón,Real Oviedo,0.8858,Altay Bayindir,Manchester United,0.8821,Jeffrey de Lange,Marseille,0.8685,Diant Ramaj,FC Heidenheim,0.8427
Arnau Tenas,Villarreal,La_Liga,8548,Julen Agirrezabala,Valencia,0.9636,Pau López,Real Betis,0.949,Alphonse Areola,West Ham,0.9369,Yehvann Diouf,Nice,0.917,Federico Ravaglia,Bologna,0.8962,Emil Audero,Cremonese,0.8724,Sam Johnstone,Wolverhampton Wanderers,0.8624,José Sá,Wolverhampton Wanderers,0.8477,Odisseas Vlachodimos,Sevilla,0.8455,Donovan Léon,Auxerre,0.8432
Wojciech Szczesny,Barcelona,La_Liga,1244,Péter Gulácsi,RasenBallsport Leipzig,0.9681,Bernd Leno,Fulham,0.9576,Joan García,Barcelona,0.9325,Marco Carnesecchi,Atalanta,0.9236,Alisson,Liverpool,0.9098,Thibaut Courtois,Real Madrid,0.8941,Mile Svilar,Roma,0.8763,Kevin Trapp,Paris FC,0.858,Luiz Júnior,Villarreal,0.8423,David de Gea,Fiorentina,0.8407
Lucas Bergström,Mallorca,La_Liga,11809,Edoardo Motta,Lazio,0.8943,Daniel Batz,Mainz 05,0.8527,Obed Nkambadio,Paris FC,0.8519,Justin Bijlow,Genoa,0.802,Franco Israel,Torino,0.7718,Jonathan Fischer,Metz,0.7604,Remy Descamps,Lyon,0.7407,Mory Diaw,Le Havre,0.737,Kauã Santos,Eintracht Frankfurt,0.7118,Lucas Perri,Leeds,0.6733
Juan Musso,Atletico Madrid,La_Liga,7095,Giorgi Mamardashvili,Liverpool,0.9784,Marco Bizot,Aston Villa,0.9631,Kouakou Herve Koffi,Angers,0.9542,Lucas Perri,Leeds,0.9433,Oliver Baumann,Hoffenheim,0.9159,Berke Özer,Lille,0.9151,Augusto Batalla,Rayo Vallecano,0.8849,Brice Samba,Rennes,0.8773,Caoimhin Kelleher,Brentford,0.8702,Franco Israel,Torino,0.8686
Stole Dimitrievski,Valencia,La_Liga,2619,Luiz Júnior,Villarreal,0.8921,Leo Román,Mallorca,0.8576,Bernd Leno,Fulham,0.848,Mads Hermansen,West Ham,0.8295,Mike Penders,Strasbourg,0.7937,Marco Bizot,Aston Villa,0.7758,Kevin Trapp,Paris FC,0.7499,Lucas Perri,Leeds,0.7208,Wojciech Szczesny,Barcelona,0.6972,Arijanet Muric,Sassuolo,0.6927
Andriy Lunin,Real Madrid,La_Liga,7194,Álvaro Vallés,Real Betis,0.9761,Michele Di Gregorio,Juventus,0.9641,Martin Dubravka,Burnley,0.9628,Matz Sels,Nottingham Forest,0.9626,Dean Henderson,Crystal Palace,0.9454,Paulo Gazzaniga,Girona,0.9416,Antonio Sivera,Alaves,0.9236,Mike Maignan,AC Milan,0.9176,Marko Dmitrovic,Espanyol,0.9153,Sergio Herrera,Osasuna,0.9083
Manuel Neuer,Bayern Munich,Bundesliga,217,Guillaume Restes,Toulouse,0.9229,Yann Sommer,Inter,0.8977,Emiliano Martinez,Aston Villa,0.8715,Marko Dmitrovic,Espanyol,0.8602,Mike Maignan,AC Milan,0.8539,Alisson,Liverpool,0.8448,Dean Henderson,Crystal Palace,0.8401,David Raya,Arsenal,0.8351,Mark Flekken,Bayer Leverkusen,0.8328,Paulo Gazzaniga,Girona,0.8199
Péter Gulácsi,RasenBallsport Leipzig,Bundesliga,5241,Wojciech Szczesny,Barcelona,0.9681,Joan García,Barcelona,0.9156,David de Gea,Fiorentina,0.903,Bernd Leno,Fulham,0.8872,Marco Carnesecchi,Atalanta,0.881,Alisson,Liverpool,0.8763,Oliver Baumann,Hoffenheim,0.8722,Juan Musso,Atletico Madrid,0.8633,Thibaut Courtois,Real Madrid,0.8352,Giorgi Mamardashvili,Liverpool,0.831
Diant Ramaj,FC Heidenheim,Bundesliga,9753,Jonas Urbig,Bayern Munich,0.9532,Jean Butez,Como,0.9104,Noah Atubolu,Freiburg,0.91,Iñaki Peña,Elche,0.8427,Marvin Schwäbe,FC Cologne,0.8382,Matías Dituro,Elche,0.825,Moritz Nicolas,Borussia M.Gladbach,0.8235,Robert Sánchez,Chelsea,0.7996,Vanja Milinkovic-Savic,Napoli,0.7915,Alexander Nübel,VfB Stuttgart,0.7896
Kamil Grabara,Wolfsburg,Bundesliga,12964,Mat Ryan,Levante,0.7543,Nick Pope,Newcastle United,0.5966,Daniel Heuer Fernandes,Hamburger SV,0.3047,Anthony Lopes,Nantes,0.2781,Finn Dahmen,Augsburg,0.1504,Alisson,Liverpool,-0.0134,Gerónimo Rulli,Marseille,-0.0151,Thibaut Courtois,Real Madrid,-0.0155,Giorgi Mamardashvili,Liverpool,-0.0205,Joan García,Barcelona,-0.0252
Mark Flekken,Bayer Leverkusen,Bundesliga,7047,Guillaume Restes,Toulouse,0.9429,Jordan Pickford,Everton,0.8892,Guglielmo Vicario,Tottenham,0.8398,David Raya,Arsenal,0.8389,Mike Maignan,AC Milan,0.8367,Emiliano Martinez,Aston Villa,0.8333,Manuel Neuer,Bayern Munich,0.8328,Paulo Gazzaniga,Girona,0.8191,Dean Henderson,Crystal Palace,0.8155,Marko Dmitrovic,Espanyol,0.8104
Oliver Baumann,Hoffenheim,Bundesliga,73,Brice Samba,Rennes,0.9492,Bart Verbruggen,Brighton,0.9243,Giorgi Mamardashvili,Liverpool,0.9237,Juan Musso,Atletico Madrid,0.9159,Augusto Batalla,Rayo Vallecano,0.9045,Caoimhin Kelleher,Brentford,0.9027,Dominik Greif,Lyon,0.891,Kouakou Herve Koffi,Angers,0.8724,Péter Gulácsi,RasenBallsport Leipzig,0.8722,Lucas Perri,Leeds,0.8349
Frederik Rönnow,Union Berlin,Bundesliga,7048,Senne Lammens,Manchester United,0.8979,Lukasz Skorupski,Bologna,0.8729,Lucas Chevalier,Paris Saint Germain,0.8531,David Soria,Getafe,0.8458,Sergio Herrera,Osasuna,0.8417,Gregor Kobel,Borussia Dortmund,0.8386,Unai Simón,Athletic Club,0.8274,Djordje Petrovic,Bournemouth,0.8203,Odisseas Vlachodimos,Sevilla,0.8168,Jan Oblak,Atletico Madrid,0.8095
Alexander Nübel,VfB Stuttgart,Bundesliga,2639,Vanja Milinkovic-Savic,Napoli,0.9416,Matvey Safonov,Paris Saint Germain,0.9009,Ivan Provedel,Lazio,0.8691,Jonas Urbig,Bayern Munich,0.857,Jordan Pickford,Everton,0.8442,Marvin Schwäbe,FC Cologne,0.8343,Jean Butez,Como,0.8286,Diant Ramaj,FC Heidenheim,0.7896,Mark Flekken,Bayer Leverkusen,0.7514,Robin Roefs,Sunderland,0.7436
Michael Zetterer,Eintracht Frankfurt,Bundesliga,126,Mike Penders,Strasbourg,0.8667,Arijanet Muric,Sassuolo,0.8609,Robin Risser,Lens,0.8416,Mads Hermansen,West Ham,0.7929,Guillaume Restes,Toulouse,0.6874,Dominik Greif,Lyon,0.6608,Manuel Neuer,Bayern Munich,0.6487,Antonio Sivera,Alaves,0.6465,Stole Dimitrievski,Valencia,0.6422,Bart Verbruggen,Brighton,0.6389
Mio Backhaus,Werder Bremen,Bundesliga,12925,Simone Scuffet,Pisa,0.9114,Karl Darlow,Leeds,0.903,Robin Zentner,Mainz 05,0.8597,Maduka Okoye,Udinese,0.8589,Radoslaw Majecki,Brest,0.793,Alberto Paleari,Torino,0.7568,Razvan Sava,Udinese,0.7516,Federico Ravaglia,Bologna,0.7355,Adrian Semper,Pisa,0.7343,Nícolas,Pisa,0.7107
Noah Atubolu,Freiburg,Bundesliga,10160,Moritz Nicolas,Borussia M.Gladbach,0.9599,Iñaki Peña,Elche,0.9555,Robert Sánchez,Chelsea,0.938,Jean Butez,Como,0.9329,Marvin Schwäbe,FC Cologne,0.916,Diant Ramaj,FC Heidenheim,0.91,Jonas Urbig,Bayern Munich,0.9067,Jeffrey de Lange,Marseille,0.8812,Robin Roefs,Sunderland,0.8682,Aarón,Real Oviedo,0.8547
Finn Dahmen,Augsburg,Bundesliga,6596,Anthony Lopes,Nantes,0.8949,Gerónimo Rulli,Marseille,0.7709,Nick Pope,Newcastle United,0.75,Daniel Heuer Fernandes,Hamburger SV,0.7021,Mat Ryan,Levante,0.5326,Kamil Grabara,Wolfsburg,0.1504,Altay Bayindir,Manchester United,0.0114,Jeffrey de Lange,Marseille,-0.0147,Robert Sánchez,Chelsea,-0.0149,Iñaki Peña,Elche,-0.0199
Nikola Vasilj,St. Pauli,Bundesliga,12973,Lukas Hradecky,Monaco,0.9399,Luiz Júnior,Villarreal,0.8743,Remy Descamps,Lyon,0.8076,Marco Bizot,Aston Villa,0.7912,David de Gea,Fiorentina,0.767,Juan Musso,Atletico Madrid,0.7482,Gregor Kobel,Borussia Dortmund,0.7317,Lucas Perri,Leeds,0.7165,Giorgi Mamardashvili,Liverpool,0.7056,Kevin Trapp,Paris FC,0.6909
Gregor Kobel,Borussia Dortmund,Bundesliga,5288,Gianluigi Donnarumma,Manchester City,0.9338,Lukas Hradecky,Monaco,0.9119,Marco Carnesecchi,Atalanta,0.9029,Lucas Chevalier,Paris Saint Germain,0.86,David de Gea,Fiorentina,0.8386,Frederik Rönnow,Union Berlin,0.8386,Thibaut Courtois,Real Madrid,0.8258,Unai Simón,Athletic Club,0.805,Wojciech Szczesny,Barcelona,0.8005,Mile Svilar,Roma,0.7879
Robin Zentner,Mainz 05,Bundesliga,449,Mio Backhaus,Werder Bremen,0.8597,Karl Darlow,Leeds,0.8046,Lukasz Skorupski,Bologna,0.7937,Simone Scuffet,Pisa,0.7858,Maduka Okoye,Udinese,0.7714,Sam Johnstone,Wolverhampton Wanderers,0.7491,Radoslaw Majecki,Brest,0.7437,Razvan Sava,Udinese,0.725,Federico Ravaglia,Bologna,0.6968,Adrian Semper,Pisa,0.6898
Marvin Schwäbe,FC Cologne,Bundesliga,4376,Jean Butez,Como,0.9652,Robin Roefs,Sunderland,0.9506,Robert Sánchez,Chelsea,0.9496,Aarón,Real Oviedo,0.9357,Noah Atubolu,Freiburg,0.916,Vanja Milinkovic-Savic,Napoli,0.9147,Iñaki Peña,Elche,0.9011,Alex Meret,Napoli,0.8836,Altay Bayindir,Manchester United,0.8782,Jonas Urbig,Bayern Munich,0.8535
Moritz Nicolas,Borussia M.Gladbach,Bundesliga,6321,Noah Atubolu,Freiburg,0.9599,Mattia Perin,Juventus,0.9475,Jeffrey de Lange,Marseille,0.9475,Iñaki Peña,Elche,0.9168,Robert Sánchez,Chelsea,0.8806,Mory Diaw,Le Havre,0.8696,Jonas Urbig,Bayern Munich,0.8527,Matías Dituro,Elche,0.8448,Jean Butez,Como,0.8277,Diant Ramaj,FC Heidenheim,0.8235
Daniel Heuer Fernandes,Hamburger SV,Bundesliga,5283,Nick Pope,Newcastle United,0.8295,Mat Ryan,Levante,0.808,Anthony Lopes,Nantes,0.8055,Finn Dahmen,Augsburg,0.7021,Gerónimo Rulli,Marseille,0.3233,Kamil Grabara,Wolfsburg,0.3047,Obed Nkambadio,Paris FC,0.1106,Augusto Batalla,Rayo Vallecano,0.0929,Jeffrey de Lange,Marseille,0.0768,Giorgi Mamardashvili,Liverpool,0.0597
Kauã Santos,Eintracht Frankfurt,Bundesliga,12075,Daniel Batz,Mainz 05,0.896,Pape Sy,Metz,0.7906,Jonathan Fischer,Metz,0.737,Lucas Bergström,Mallorca,0.7118,Remy Descamps,Lyon,0.7025,Remiro,Real Sociedad,0.6703,Edoardo Corvi,Parma Calcio 1913,0.667,Edoardo Motta,Lazio,0.6364,Zion Suzuki,Parma Calcio 1913,0.6301,Lorenzo Montipò,Verona,0.61
Jonas Urbig,Bayern Munich,Bundesliga,9861,Diant Ramaj,FC Heidenheim,0.9532,Noah Atubolu,Freiburg,0.9067,Jean Butez,Como,0.8996,Vanja Milinkovic-Savic,Napoli,0.8739,Alexander Nübel,VfB Stuttgart,0.857,Marvin Schwäbe,FC Cologne,0.8535,Moritz Nicolas,Borussia M.Gladbach,0.8527,Robert Sánchez,Chelsea,0.8188,Iñaki Peña,Elche,0.8105,Matías Dituro,Elche,0.7966
Daniel Batz,Mainz 05,Bundesliga,12029,Jonathan Fischer,Metz,0.8985,Kauã Santos,Eintracht Frankfurt,0.896,Remy Descamps,Lyon,0.8537,Lucas Bergström,Mallorca,0.8527,Pape Sy,Metz,0.8464,Edoardo Motta,Lazio,0.8073,Remiro,Real Sociedad,0.806,Edoardo Corvi,Parma Calcio 1913,0.8016,Zion Suzuki,Parma Calcio 1913,0.7599,Lorenzo Montipò,Verona,0.7481
Nicola Leali,Genoa,Serie_A,1873,José Sá,Wolverhampton Wanderers,0.7431,Maxime Dupé,Nice,0.7308,Nícolas,Pisa,0.6227,Altay Bayindir,Manchester United,0.5979,Alex Meret,Napoli,0.5937,Maduka Okoye,Udinese,0.5909,Adrian Semper,Pisa,0.5888,Razvan Sava,Udinese,0.5874,Sam Johnstone,Wolverhampton Wanderers,0.539,Aarón,Real Oviedo,0.4974
Wladimiro Falcone,Lecce,Serie_A,4984,David Soria,Getafe,0.9749,Djordje Petrovic,Bournemouth,0.9627,Sergio Herrera,Osasuna,0.9511,Matz Sels,Nottingham Forest,0.9507,Emil Audero,Cremonese,0.9357,Odisseas Vlachodimos,Sevilla,0.9268,Alphonse Areola,West Ham,0.9088,Senne Lammens,Manchester United,0.903,Pau López,Real Betis,0.9022,Yehvann Diouf,Nice,0.8967
Alex Meret,Napoli,Serie_A,1892,Altay Bayindir,Manchester United,0.9523,Robin Roefs,Sunderland,0.951,Aarón,Real Oviedo,0.9414,Marvin Schwäbe,FC Cologne,0.8836,Robert Sánchez,Chelsea,0.8756,Jean Butez,Como,0.8264,Vanja Milinkovic-Savic,Napoli,0.8128,Iñaki Peña,Elche,0.7721,Alexander Nübel,VfB Stuttgart,0.697,Matvey Safonov,Paris Saint Germain,0.6938
Mike Maignan,AC Milan,Serie_A,3737,Dean Henderson,Crystal Palace,0.9672,Emiliano Martinez,Aston Villa,0.9653,Yann Sommer,Inter,0.9602,Guglielmo Vicario,Tottenham,0.9566,Unai Simón,Athletic Club,0.9461,Jan Oblak,Atletico Madrid,0.9446,Marko Dmitrovic,Espanyol,0.9445,Mile Svilar,Roma,0.939,Michele Di Gregorio,Juventus,0.9259,Alisson,Liverpool,0.924
Emil Audero,Cremonese,Serie_A,1302,Djordje Petrovic,Bournemouth,0.9878,Alphonse Areola,West Ham,0.9672,Odisseas Vlachodimos,Sevilla,0.9603,Lukasz Skorupski,Bologna,0.9576,Sam Johnstone,Wolverhampton Wanderers,0.9519,Pau López,Real Betis,0.9428,David Soria,Getafe,0.9419,Sergio Herrera,Osasuna,0.9383,Wladimiro Falcone,Lecce,0.9357,Yehvann Diouf,Nice,0.9352
Mile Svilar,Roma,Serie_A,10967,Unai Simón,Athletic Club,0.9718,Thibaut Courtois,Real Madrid,0.9667,Guglielmo Vicario,Tottenham,0.9534,Jan Oblak,Atletico Madrid,0.9474,Yann Sommer,Inter,0.9459,Marco Carnesecchi,Atalanta,0.9455,Mike Maignan,AC Milan,0.939,Alisson,Liverpool,0.9371,Dean Henderson,Crystal Palace,0.9368,Emiliano Martinez,Aston Villa,0.9365
Lukasz Skorupski,Bologna,Serie_A,1305,Emil Audero,Cremonese,0.9576,Djordje Petrovic,Bournemouth,0.9567,Sam Johnstone,Wolverhampton Wanderers,0.9384,Odisseas Vlachodimos,Sevilla,0.9333,David Soria,Getafe,0.9112,Sergio Herrera,Osasuna,0.9102,Alphonse Areola,West Ham,0.8916,Frederik Rönnow,Union Berlin,0.8729,Senne Lammens,Manchester United,0.8708,Yehvann Diouf,Nice,0.8699
Elia Caprile,Cagliari,Serie_A,7087,David Soria,Getafe,0.8925,Wladimiro Falcone,Lecce,0.8694,Djordje Petrovic,Bournemouth,0.8512,Emil Audero,Cremonese,0.8503,Lukasz Skorupski,Bologna,0.8416,Matz Sels,Nottingham Forest,0.822,Sergio Herrera,Osasuna,0.8095,Odisseas Vlachodimos,Sevilla,0.8061,Michele Di Gregorio,Juventus,0.7999,Alphonse Areola,West Ham,0.798
David de Gea,Fiorentina,Serie_A,546,Péter Gulácsi,RasenBallsport Leipzig,0.903,Gianluigi Donnarumma,Manchester City,0.861,Marco Carnesecchi,Atalanta,0.8494,Wojciech Szczesny,Barcelona,0.8407,Gregor Kobel,Borussia Dortmund,0.8386,Joan García,Barcelona,0.8331,Lukas Hradecky,Monaco,0.8209,Lucas Chevalier,Paris Saint Germain,0.8037,Juan Musso,Atletico Madrid,0.7971,Oliver Baumann,Hoffenheim,0.7809
Jean Butez,Como,Serie_A,5610,Marvin Schwäbe,FC Cologne,0.9652,Robert Sánchez,Chelsea,0.9474,Robin Roefs,Sunderland,0.9399,Iñaki Peña,Elche,0.933,Noah Atubolu,Freiburg,0.9329,Aarón,Real Oviedo,0.9169,Diant Ramaj,FC Heidenheim,0.9104,Vanja Milinkovic-Savic,Napoli,0.9074,Jonas Urbig,Bayern Munich,0.8996,Altay Bayindir,Manchester United,0.87
Ivan Provedel,Lazio,Serie_A,6982,Matvey Safonov,Paris Saint Germain,0.9657,Jordan Pickford,Everton,0.9462,Alexander Nübel,VfB Stuttgart,0.8691,David Raya,Arsenal,0.8471,Vanja Milinkovic-Savic,Napoli,0.8233,Emiliano Martinez,Aston Villa,0.8012,Mark Flekken,Bayer Leverkusen,0.7704,Guglielmo Vicario,Tottenham,0.7659,Mike Maignan,AC Milan,0.7166,Yann Sommer,Inter,0.6897
Marco Carnesecchi,Atalanta,Serie_A,8871,Thibaut Courtois,Real Madrid,0.9764,Gianluigi Donnarumma,Manchester City,0.9754,Unai Simón,Athletic Club,0.9496,Mile Svilar,Roma,0.9455,Alisson,Liverpool,0.9373,Joan García,Barcelona,0.937,Jan Oblak,Atletico Madrid,0.9317,Wojciech Szczesny,Barcelona,0.9236,Lucas Chevalier,Paris Saint Germain,0.9212,Gregor Kobel,Borussia Dortmund,0.9029
Adrian Semper,Pisa,Serie_A,6929,Razvan Sava,Udinese,0.9929,Nícolas,Pisa,0.9888,Federico Ravaglia,Bologna,0.978,Karl Darlow,Leeds,0.9218,Sam Johnstone,Wolverhampton Wanderers,0.9158,Alberto Paleari,Torino,0.9034,Maxime Dupé,Nice,0.8852,José Sá,Wolverhampton Wanderers,0.8814,Radoslaw Majecki,Brest,0.869,Alphonse Areola,West Ham,0.8448
Michele Di Gregorio,Juventus,Serie_A,10890,Matz Sels,Nottingham Forest,0.9787,Andriy Lunin,Real Madrid,0.9641,Dean Henderson,Crystal Palace,0.9393,Unai Simón,Athletic Club,0.9313,Mike Maignan,AC Milan,0.9259,Álvaro Vallés,Real Betis,0.9238,Mile Svilar,Roma,0.9004,David Soria,Getafe,0.8951,Wladimiro Falcone,Lecce,0.8853,Guglielmo Vicario,Tottenham,0.8842
Zion Suzuki,Parma Calcio 1913,Serie_A,12781,Edoardo Corvi,Parma Calcio 1913,0.9963,Lorenzo Montipò,Verona,0.9962,Remiro,Real Sociedad,0.9915,Pape Sy,Metz,0.9137,Daniel Batz,Mainz 05,0.7599,Jonathan Fischer,Metz,0.7475,Alberto Paleari,Torino,0.7178,Edoardo Motta,Lazio,0.7083,Simone Scuffet,Pisa,0.7042,Kauã Santos,Eintracht Frankfurt,0.6301
Razvan Sava,Udinese,Serie_A,8321,Adrian Semper,Pisa,0.9929,Nícolas,Pisa,0.9764,Federico Ravaglia,Bologna,0.9758,Sam Johnstone,Wolverhampton Wanderers,0.9337,Karl Darlow,Leeds,0.9272,Alberto Paleari,Torino,0.892,José Sá,Wolverhampton Wanderers,0.8896,Maxime Dupé,Nice,0.8711,Radoslaw Majecki,Brest,0.8661,Maduka Okoye,Udinese,0.8618
Lorenzo Montipò,Verona,Serie_A,8881,Zion Suzuki,Parma Calcio 1913,0.9962,Edoardo Corvi,Parma Calcio 1913,0.9947,Remiro,Real Sociedad,0.9946,Pape Sy,Metz,0.8906,Daniel Batz,Mainz 05,0.7481,Edoardo Motta,Lazio,0.7475,Jonathan Fischer,Metz,0.7363,Alberto Paleari,Torino,0.6761,Simone Scuffet,Pisa,0.6507,Kauã Santos,Eintracht Frankfurt,0.61
Yann Sommer,Inter,Serie_A,199,Emiliano Martinez,Aston Villa,0.9777,Mike Maignan,AC Milan,0.9602,Alisson,Liverpool,0.9593,Guglielmo Vicario,Tottenham,0.9534,Mile Svilar,Roma,0.9459,Dean Henderson,Crystal Palace,0.9316,Joan García,Barcelona,0.9227,Thibaut Courtois,Real Madrid,0.9131,David Raya,Arsenal,0.9121,Unai Simón,Athletic Club,0.9102
Franco Israel,Torino,Serie_A,9179,Kouakou Herve Koffi,Angers,0.9691,Obed Nkambadio,Paris FC,0.9674,Justin Bijlow,Genoa,0.9611,Berke Özer,Lille,0.9376,Lucas Perri,Leeds,0.9174,Giorgi Mamardashvili,Liverpool,0.8842,Augusto Batalla,Rayo Vallecano,0.8773,Marco Bizot,Aston Villa,0.8693,Juan Musso,Atletico Madrid,0.8686,Caoimhin Kelleher,Brentford,0.8298
Arijanet Muric,Sassuolo,Serie_A,7027,Michael Zetterer,Eintracht Frankfurt,0.8609,Mads Hermansen,West Ham,0.8467,Jonathan Fischer,Metz,0.7926,Stole Dimitrievski,Valencia,0.6927,Mike Penders,Strasbourg,0.6807,Leo Román,Mallorca,0.659,Justin Bijlow,Genoa,0.6137,Lucas Bergström,Mallorca,0.5523,Daniel Batz,Mainz 05,0.55,Robin Risser,Lens,0.5438
Vanja Milinkovic-Savic,Napoli,Serie_A,6167,Alexander Nübel,VfB Stuttgart,0.9416,Marvin Schwäbe,FC Cologne,0.9147,Jean Butez,Como,0.9074,Jonas Urbig,Bayern Munich,0.8739,Robin Roefs,Sunderland,0.859,Robert Sánchez,Chelsea,0.8404,Matvey Safonov,Paris Saint Germain,0.838,Aarón,Real Oviedo,0.8238,Ivan Provedel,Lazio,0.8233,Alex Meret,Napoli,0.8128
Federico Ravaglia,Bologna,Serie_A,1544,Adrian Semper,Pisa,0.978,Razvan Sava,Udinese,0.9758,Sam Johnstone,Wolverhampton Wanderers,0.9499,Nícolas,Pisa,0.9461,Radoslaw Majecki,Brest,0.9366,Karl Darlow,Leeds,0.9365,Alphonse Areola,West Ham,0.902,Arnau Tenas,Villarreal,0.8962,Maxime Dupé,Nice,0.886,José Sá,Wolverhampton Wanderers,0.8845
Maduka Okoye,Udinese,Serie_A,8326,Karl Darlow,Leeds,0.8886,Simone Scuffet,Pisa,0.8827,Razvan Sava,Udinese,0.8618,Mio Backhaus,Werder Bremen,0.8589,Adrian Semper,Pisa,0.8284,Alberto Paleari,Torino,0.8202,Federico Ravaglia,Bologna,0.8156,Nícolas,Pisa,0.8114,Robin Zentner,Mainz 05,0.7714,Radoslaw Majecki,Brest,0.7654
Alberto Paleari,Torino,Serie_A,9044,Nícolas,Pisa,0.9109,Adrian Semper,Pisa,0.9034,Razvan Sava,Udinese,0.892,Simone Scuffet,Pisa,0.8919,Karl Darlow,Leeds,0.8848,Federico Ravaglia,Bologna,0.8521,Maduka Okoye,Udinese,0.8202,Radoslaw Majecki,Brest,0.7576,Mio Backhaus,Werder Bremen,0.7568,Pape Sy,Metz,0.7345
Mattia Perin,Juventus,Serie_A,1093,Jeffrey de Lange,Marseille,0.9606,Moritz Nicolas,Borussia M.Gladbach,0.9475,Mory Diaw,Le Havre,0.9132,Matías Dituro,Elche,0.8768,Noah Atubolu,Freiburg,0.8392,Berke Özer,Lille,0.8279,Caoimhin Kelleher,Brentford,0.8082,Obed Nkambadio,Paris FC,0.8079,Iñaki Peña,Elche,0.7837,Augusto Batalla,Rayo Vallecano,0.7835
Edoardo Corvi,Parma Calcio 1913,Serie_A,8290,Remiro,Real Sociedad,0.9982,Zion Suzuki,Parma Calcio 1913,0.9963,Lorenzo Montipò,Verona,0.9947,Pape Sy,Metz,0.9185,Daniel Batz,Mainz 05,0.8016,Jonathan Fischer,Metz,0.7764,Edoardo Motta,Lazio,0.7582,Simone Scuffet,Pisa,0.6773,Alberto Paleari,Torino,0.6761,Kauã Santos,Eintracht Frankfurt,0.667
Simone Scuffet,Pisa,Serie_A,1158,Karl Darlow,Leeds,0.9309,Mio Backhaus,Werder Bremen,0.9114,Alberto Paleari,Torino,0.8919,Maduka Okoye,Udinese,0.8827,Razvan Sava,Udinese,0.8378,Nícolas,Pisa,0.8333,Adrian Semper,Pisa,0.8258,Pape Sy,Metz,0.7899,Robin Zentner,Mainz 05,0.7858,Federico Ravaglia,Bologna,0.7828
Justin Bijlow,Genoa,Serie_A,14380,Franco Israel,Torino,0.9611,Kouakou Herve Koffi,Angers,0.9434,Obed Nkambadio,Paris FC,0.9259,Lucas Perri,Leeds,0.9188,Augusto Batalla,Rayo Vallecano,0.9017,Berke Özer,Lille,0.8612,Marco Bizot,Aston Villa,0.8576,Caoimhin Kelleher,Brentford,0.8478,Giorgi Mamardashvili,Liverpool,0.8241,Juan Musso,Atletico Madrid,0.8207
Nícolas,Pisa,Serie_A,6129,Adrian Semper,Pisa,0.9888,Razvan Sava,Udinese,0.9764,Federico Ravaglia,Bologna,0.9461,Alberto Paleari,Torino,0.9109,Karl Darlow,Leeds,0.8981,Maxime Dupé,Nice,0.8654,Sam Johnstone,Wolverhampton Wanderers,0.8643,José Sá,Wolverhampton Wanderers,0.8497,Simone Scuffet,Pisa,0.8333,Maduka Okoye,Udinese,0.8114
Edoardo Motta,Lazio,Serie_A,14391,Lucas Bergström,Mallorca,0.8943,Daniel Batz,Mainz 05,0.8073,Remiro,Real Sociedad,0.7908,Mory Diaw,Le Havre,0.7834,Edoardo Corvi,Parma Calcio 1913,0.7582,Lorenzo Montipò,Verona,0.7475,Jonathan Fischer,Metz,0.7273,Zion Suzuki,Parma Calcio 1913,0.7083,Obed Nkambadio,Paris FC,0.6492,Kauã Santos,Eintracht Frankfurt,0.6364
Brice Samba,Rennes,Ligue_1,4748,Dominik Greif,Lyon,0.9561,Oliver Baumann,Hoffenheim,0.9492,Caoimhin Kelleher,Brentford,0.9346,Bart Verbruggen,Brighton,0.9296,Augusto Batalla,Rayo Vallecano,0.9209,Juan Musso,Atletico Madrid,0.8773,Giorgi Mamardashvili,Liverpool,0.8682,Péter Gulácsi,RasenBallsport Leipzig,0.8284,Kouakou Herve Koffi,Angers,0.8254,Lucas Perri,Leeds,0.8207
Gerónimo Rulli,Marseille,Ligue_1,2225,Finn Dahmen,Augsburg,0.7709,Anthony Lopes,Nantes,0.5537,Nick Pope,Newcastle United,0.3943,Mike Maignan,AC Milan,0.3549,Yann Sommer,Inter,0.354,David Raya,Arsenal,0.3492,Alisson,Liverpool,0.3429,Joan García,Barcelona,0.337,Thibaut Courtois,Real Madrid,0.3242,Daniel Heuer Fernandes,Hamburger SV,0.3233
Robin Risser,Lens,Ligue_1,10769,Bart Verbruggen,Brighton,0.9128,Mike Penders,Strasbourg,0.8701,Dominik Greif,Lyon,0.8629,Michael Zetterer,Eintracht Frankfurt,0.8416,Brice Samba,Rennes,0.8076,Guillaume Restes,Toulouse,0.799,Caoimhin Kelleher,Brentford,0.7764,Oliver Baumann,Hoffenheim,0.7732,Mark Flekken,Bayer Leverkusen,0.765,Manuel Neuer,Bayern Munich,0.7558
Remy Descamps,Lyon,Ligue_1,5768,Daniel Batz,Mainz 05,0.8537,Nikola Vasilj,St. Pauli,0.8076,Jonathan Fischer,Metz,0.7497,Lucas Bergström,Mallorca,0.7407,Kauã Santos,Eintracht Frankfurt,0.7025,Luiz Júnior,Villarreal,0.6896,Marco Bizot,Aston Villa,0.6668,Stole Dimitrievski,Valencia,0.6397,Lucas Perri,Leeds,0.6342,Franco Israel,Torino,0.6132
Lukas Hradecky,Monaco,Ligue_1,281,Nikola Vasilj,St. Pauli,0.9399,Gregor Kobel,Borussia Dortmund,0.9119,Luiz Júnior,Villarreal,0.8706,David de Gea,Fiorentina,0.8209,Kevin Trapp,Paris FC,0.7625,Gianluigi Donnarumma,Manchester City,0.7548,Wojciech Szczesny,Barcelona,0.7475,Péter Gulácsi,RasenBallsport Leipzig,0.745,Marco Carnesecchi,Atalanta,0.7425,Lucas Chevalier,Paris Saint Germain,0.7255
Mory Diaw,Le Havre,Ligue_1,10780,Jeffrey de Lange,Marseille,0.9703,Matías Dituro,Elche,0.9224,Mattia Perin,Juventus,0.9132,Moritz Nicolas,Borussia M.Gladbach,0.8696,Obed Nkambadio,Paris FC,0.8239,Noah Atubolu,Freiburg,0.7913,Edoardo Motta,Lazio,0.7834,Iñaki Peña,Elche,0.7768,Lucas Bergström,Mallorca,0.737,Berke Özer,Lille,0.7251
Yehvann Diouf,Nice,Ligue_1,6709,Odisseas Vlachodimos,Sevilla,0.9777,Pau López,Real Betis,0.9706,Julen Agirrezabala,Valencia,0.9627,Sergio Herrera,Osasuna,0.9622,Djordje Petrovic,Bournemouth,0.9497,Emil Audero,Cremonese,0.9352,Alphonse Areola,West Ham,0.9304,Arnau Tenas,Villarreal,0.917,David Soria,Getafe,0.8994,Wladimiro Falcone,Lecce,0.8967
Guillaume Restes,Toulouse,Ligue_1,11776,Mark Flekken,Bayer Leverkusen,0.9429,Manuel Neuer,Bayern Munich,0.9229,Dean Henderson,Crystal Palace,0.8935,Yann Sommer,Inter,0.8933,Paulo Gazzaniga,Girona,0.8818,Guglielmo Vicario,Tottenham,0.8805,Mike Maignan,AC Milan,0.8796,Emiliano Martinez,Aston Villa,0.8793,Marko Dmitrovic,Espanyol,0.8735,Andriy Lunin,Real Madrid,0.8579
Radoslaw Majecki,Brest,Ligue_1,8641,Federico Ravaglia,Bologna,0.9366,Karl Darlow,Leeds,0.9256,Emil Audero,Cremonese,0.8891,Sam Johnstone,Wolverhampton Wanderers,0.8867,Adrian Semper,Pisa,0.869,Razvan Sava,Udinese,0.8661,Lukasz Skorupski,Bologna,0.855,Yehvann Diouf,Nice,0.8523,Alphonse Areola,West Ham,0.8452,Odisseas Vlachodimos,Sevilla,0.8448
Berke Özer,Lille,Ligue_1,13781,Kouakou Herve Koffi,Angers,0.9445,Franco Israel,Torino,0.9376,Giorgi Mamardashvili,Liverpool,0.9252,Juan Musso,Atletico Madrid,0.9151,Obed Nkambadio,Paris FC,0.9083,Lucas Perri,Leeds,0.8954,Marco Bizot,Aston Villa,0.8836,Caoimhin Kelleher,Brentford,0.8754,Augusto Batalla,Rayo Vallecano,0.8698,Justin Bijlow,Genoa,0.8612
Donovan Léon,Auxerre,Ligue_1,7735,Arnau Tenas,Villarreal,0.8432,Julen Agirrezabala,Valencia,0.774,Yehvann Diouf,Nice,0.7635,Mark Flekken,Bayer Leverkusen,0.7569,Paulo Gazzaniga,Girona,0.7546,Antonio Sivera,Alaves,0.7536,Pau López,Real Betis,0.7513,Guillaume Restes,Toulouse,0.74,Martin Dubravka,Burnley,0.7381,Álvaro Vallés,Real Betis,0.7239
Kouakou Herve Koffi,Angers,Ligue_1,6015,Franco Israel,Torino,0.9691,Lucas Perri,Leeds,0.9555,Juan Musso,Atletico Madrid,0.9542,Giorgi Mamardashvili,Liverpool,0.949,Berke Özer,Lille,0.9445,Justin Bijlow,Genoa,0.9434,Augusto Batalla,Rayo Vallecano,0.9358,Marco Bizot,Aston Villa,0.9342,Obed Nkambadio,Paris FC,0.9082,Caoimhin Kelleher,Brentford,0.9033
Obed Nkambadio,Paris FC,Ligue_1,13799,Franco Israel,Torino,0.9674,Justin Bijlow,Genoa,0.9259,Berke Özer,Lille,0.9083,Kouakou Herve Koffi,Angers,0.9082,Lucas Perri,Leeds,0.8707,Augusto Batalla,Rayo Vallecano,0.8529,Lucas Bergström,Mallorca,0.8519,Giorgi Mamardashvili,Liverpool,0.8392,Mory Diaw,Le Havre,0.8239,Matías Dituro,Elche,0.8112
Jonathan Fischer,Metz,Ligue_1,13807,Daniel Batz,Mainz 05,0.8985,Pape Sy,Metz,0.8561,Arijanet Muric,Sassuolo,0.7926,Edoardo Corvi,Parma Calcio 1913,0.7764,Remiro,Real Sociedad,0.7718,Lucas Bergström,Mallorca,0.7604,Remy Descamps,Lyon,0.7497,Zion Suzuki,Parma Calcio 1913,0.7475,Kauã Santos,Eintracht Frankfurt,0.737,Lorenzo Montipò,Verona,0.7363
Mike Penders,Strasbourg,Ligue_1,13816,Robin Risser,Lens,0.8701,Michael Zetterer,Eintracht Frankfurt,0.8667,Stole Dimitrievski,Valencia,0.7937,Brice Samba,Rennes,0.7909,Bart Verbruggen,Brighton,0.7901,Dominik Greif,Lyon,0.7698,Oliver Baumann,Hoffenheim,0.7574,Bernd Leno,Fulham,0.7557,Augusto Batalla,Rayo Vallecano,0.7363,Mads Hermansen,West Ham,0.7346
Anthony Lopes,Nantes,Ligue_1,3269,Nick Pope,Newcastle United,0.9209,Finn Dahmen,Augsburg,0.8949,Daniel Heuer Fernandes,Hamburger SV,0.8055,Mat Ryan,Levante,0.7464,Gerónimo Rulli,Marseille,0.5537,Kamil Grabara,Wolfsburg,0.2781,Nícolas,Pisa,0.0773,Adrian Semper,Pisa,0.0562,Razvan Sava,Udinese,0.0554,Sam Johnstone,Wolverhampton Wanderers,0.0503
Lucas Chevalier,Paris Saint Germain,Ligue_1,8638,Gianluigi Donnarumma,Manchester City,0.9476,Unai Simón,Athletic Club,0.9365,Marco Carnesecchi,Atalanta,0.9212,Kevin Trapp,Paris FC,0.9022,Mile Svilar,Roma,0.897,Thibaut Courtois,Real Madrid,0.881,Dean Henderson,Crystal Palace,0.8809,Guglielmo Vicario,Tottenham,0.8677,Gregor Kobel,Borussia Dortmund,0.86,Jan Oblak,Atletico Madrid,0.8533
Kevin Trapp,Paris FC,Ligue_1,3286,Lucas Chevalier,Paris Saint Germain,0.9022,Bernd Leno,Fulham,0.8691,Wojciech Szczesny,Barcelona,0.858,Marco Carnesecchi,Atalanta,0.8546,Luiz Júnior,Villarreal,0.8467,Joan García,Barcelona,0.8395,Leo Román,Mallorca,0.8323,Unai Simón,Athletic Club,0.8105,Mile Svilar,Roma,0.8064,Marko Dmitrovic,Espanyol,0.8057
Jeffrey de Lange,Marseille,Ligue_1,12772,Mory Diaw,Le Havre,0.9703,Mattia Perin,Juventus,0.9606,Moritz Nicolas,Borussia M.Gladbach,0.9475,Matías Dituro,Elche,0.9079,Noah Atubolu,Freiburg,0.8812,Iñaki Peña,Elche,0.8685,Diant Ramaj,FC Heidenheim,0.7796,Robert Sánchez,Chelsea,0.7607,Jonas Urbig,Bayern Munich,0.7571,Obed Nkambadio,Paris FC,0.7556
Yvon Mvogo,Lorient,Ligue_1,6110,Yehvann Diouf,Nice,0.7549,Sergio Herrera,Osasuna,0.7512,Odisseas Vlachodimos,Sevilla,0.741,Elia Caprile,Cagliari,0.7284,Djordje Petrovic,Bournemouth,0.7281,Maxime Dupé,Nice,0.7207,Emil Audero,Cremonese,0.7001,Wladimiro Falcone,Lecce,0.6985,Antonio Sivera,Alaves,0.6961,Lukasz Skorupski,Bologna,0.6927
Dominik Greif,Lyon,Ligue_1,9756,Caoimhin Kelleher,Brentford,0.9739,Brice Samba,Rennes,0.9561,Augusto Batalla,Rayo Vallecano,0.9482,Bart Verbruggen,Brighton,0.9022,Oliver Baumann,Hoffenheim,0.891,Robin Risser,Lens,0.8629,Kouakou Herve Koffi,Angers,0.8332,Juan Musso,Atletico Madrid,0.8162,Matías Dituro,Elche,0.809,Giorgi Mamardashvili,Liverpool,0.8047
Pape Sy,Metz,Ligue_1,13814,Edoardo Corvi,Parma Calcio 1913,0.9185,Zion Suzuki,Parma Calcio 1913,0.9137,Remiro,Real Sociedad,0.905,Lorenzo Montipò,Verona,0.8906,Jonathan Fischer,Metz,0.8561,Daniel Batz,Mainz 05,0.8464,Kauã Santos,Eintracht Frankfurt,0.7906,Simone Scuffet,Pisa,0.7899,Alberto Paleari,Torino,0.7345,Mio Backhaus,Werder Bremen,0.6418
Matvey Safonov,Paris Saint Germain,Ligue_1,5480,Ivan Provedel,Lazio,0.9657,Jordan Pickford,Everton,0.9188,Alexander Nübel,VfB Stuttgart,0.9009,Vanja Milinkovic-Savic,Napoli,0.838,David Raya,Arsenal,0.7764,Mark Flekken,Bayer Leverkusen,0.7423,Marvin Schwäbe,FC Cologne,0.7373,Emiliano Martinez,Aston Villa,0.7231,Guglielmo Vicario,Tottenham,0.7009,Alex Meret,Napoli,0.6938
Maxime Dupé,Nice,Ligue_1,3414,José Sá,Wolverhampton Wanderers,0.9524,Federico Ravaglia,Bologna,0.886,Adrian Semper,Pisa,0.8852,Alphonse Areola,West Ham,0.8849,Sam Johnstone,Wolverhampton Wanderers,0.8776,Razvan Sava,Udinese,0.8711,Nícolas,Pisa,0.8654,Julen Agirrezabala,Valencia,0.8581,Arnau Tenas,Villarreal,0.8409,Pau López,Real Betis,0.82
